05002,Abejorral,05,5.750000,-75.416667
05004,Abriaquí,05,6.666667,-76.083334
50006,Acacías,50,3.916667,-73.833334
27006,Acandí,27,8.333334,-77.166667
41006,Acevedo,41,1.750000,-75.916667
13006,Achí,13,8.250000,-74.500000
41013,Agrado,41,2.333334,-75.750000
25001,Agua de Dios,25,4.416667,-74.666667
20011,Aguachica,20,8.333334,-73.583334
68013,Aguada,68,6.250000,-73.466667
17013,Aguadas,17,5.633334,-75.416667
85010,Aguazul,85,5.173056,-72.554723
20013,Agustín Codazzi,20,9.916667,-73.250000
41016,Aipe,41,3.250000,-75.333334
18029,Albania,18,1.331667,-75.882223
44035,Albania,44,11.159723,-72.585556
68020,Albania,68,5.833334,-73.750000
25019,Albán,25,4.916667,-74.450000
52019,Albán (San José),52,1.474445,-77.083612
76020,Alcalá,76,4.666667,-75.750000
52022,Aldana,52,0.916667,-77.683334
05021,Alejandria,05,6.366667,-75.083334
47030,Algarrobo,47,10.186945,-74.575278
41020,Algeciras,41,2.583334,-75.250000
19022,Almaguer,19,1.916667,-76.833334
15022,Almeida,15,4.916667,-73.333334
73024,Alpujarra,73,3.416667,-74.916667
41026,Altamira,41,2.166667,-75.833334
27025,Alto Baudó (Pie de Pato),27,5.666667,-77.000000
13030,Altos del Rosario,13,8.794445,-74.165834
73026,Alvarado,73,4.583334,-75.000000
05030,Amagá,05,6.050000,-75.700000
05031,Amalfi,05,7.000000,-74.916667
73030,Ambalema,73,4.833334,-74.833334
25035,Anapoima,25,4.616667,-74.550000
52036,Ancuya,52,1.250000,-77.500000
76036,Andalucía,76,4.174167,-76.170278
05034,Andes,05,5.583334,-75.916667
05036,Angelópolis,05,6.133334,-75.700000
05038,Angostura,05,6.866667,-75.333334
25040,Anolaima,25,4.833334,-74.500000
05040,Anorí,05,7.166667,-75.083334
17042,Anserma,17,5.250000,-75.750000
76041,Ansermanuevo,76,4.797223,-75.995000
73043,Anzoátegui,73,4.666667,-75.250000
05044,Anzá,05,6.333334,-75.916667
05045,Apartadó,05,7.885556,-76.634723
25599,Apulo,25,4.583334,-74.583334
66045,Apía,66,5.166667,-76.000000
15047,Aquitania,15,5.519723,-72.887500
47053,Aracataca,47,10.583334,-74.000000
17050,Aranzazu,17,5.300000,-75.450000
68051,Aratoca,68,6.833334,-72.966667
81001,Arauca,81,7.090278,-70.761667
81065,Arauquita,81,6.821945,-71.323612
25053,Arbeláez,25,4.300000,-74.583334
52051,Arboleda (Berruecos),52,1.503334,-77.087778
54051,Arboledas,54,7.666667,-72.750000
05051,Arboletes,05,8.500000,-76.416667
15051,Arcabuco,15,5.800000,-73.383334
13042,Arenal,13,8.466667,-73.950000
05055,Argelia,05,5.734167,-75.146389
19050,Argelia,19,2.266667,-77.250000
76054,Argelia,76,4.700000,-76.133334
47058,Ariguaní (El Difícil),47,10.250000,-74.000000
13052,Arjona,13,10.166667,-75.333334
05059,Armenia,05,6.166667,-75.833334
63001,Armenia,63,4.533889,-75.681112
73055,Armero (Guayabal),73,5.083334,-74.833334
13062,Arroyohondo,13,10.249723,-75.011389
20032,Astrea,20,9.501112,-73.980278
73067,Ataco,73,3.333334,-75.666667
27050,Atrato (Yuto),27,5.533334,-76.633334
23068,Ayapel,23,8.250000,-75.250000
27073,Bagadó,27,5.500000,-76.250000
27075,Bahía Solano (Mútis),27,6.219167,-77.407778
27077,Bajo Baudó (Pizarro),27,5.000000,0.000000
19075,Balboa,19,2.100000,-77.200000
66075,Balboa,66,4.916667,-75.950000
08078,Baranoa,08,10.800000,-74.916667
41078,Baraya,41,3.166667,-75.000000
52079,Barbacoas,52,1.583334,-78.000000
05079,Barbosa,05,6.450000,-75.333334
68077,Barbosa,68,6.000000,-73.550000
68079,Barichara,68,6.750000,-73.166667
50110,Barranca de Upía,50,4.575556,-72.961112
68081,Barrancabermeja,68,7.065278,-73.854723
44078,Barrancas,44,11.000000,-72.750000
13074,Barranco de Loba,13,8.833334,-74.166667
08001,Barranquilla,08,10.963889,-74.796389
20045,Becerríl,20,9.705000,-73.284723
17088,Belalcázar,17,5.000000,-75.833334
05088,Bello,05,6.338889,-75.562223
05086,Belmira,05,6.666667,-75.666667
25086,Beltrán,25,4.800000,-74.750000
15087,Belén,15,6.083334,-72.916667
52083,Belén,52,1.597500,-77.017500
27086,Belén de Bajirá,27,7.372500,-76.714723
66088,Belén de Umbría,66,5.250000,-75.916667
18094,Belén de los Andaquíes,18,1.416667,-75.916667
15090,Berbeo,15,5.333334,-73.000000
05091,Betania,05,5.750000,-75.966667
15092,Beteitiva,15,6.000000,-72.833334
05093,Betulia,05,6.200000,-75.916667
68092,Betulia,68,7.083334,-73.333334
25095,Bituima,25,4.916667,-74.550000
15097,Boavita,15,6.416667,-72.583334
54099,Bochalema,54,7.666667,-72.583334
25099,Bojacá,25,4.750000,-74.333334
27099,Bojayá (Bellavista),27,6.523612,-76.974445
05101,Bolívar,05,5.833334,-76.000000
19100,Bolívar,19,1.833334,-76.916667
68101,Bolívar,68,6.250000,-74.000000
76100,Bolívar,76,4.333334,-76.333334
20060,Bosconia,20,9.976112,-73.890278
15104,Boyacá,15,5.500000,-72.500000
05107,Briceño,05,7.112223,-75.554167
15106,Briceño,15,5.750000,-73.833334
68001,Bucaramanga,68,7.129723,-73.125834
54109,Bucarasica,54,8.083334,-73.000000
76109,Buenaventura,76,3.893334,-77.069723
15109,Buenavista,15,5.500000,-73.966667
23079,Buenavista,23,8.757500,-75.890000
63111,Buenavista,63,4.362223,-75.739445
70110,Buenavista,70,9.322223,-74.977223
19110,Buenos Aires,19,2.916667,-76.666667
52110,Buesaco,52,1.250000,-77.083334
76111,Buga,76,3.902223,-76.302778
76113,Bugalagrande,76,4.209445,-76.160278
05113,Burítica,05,6.750000,-75.916667
15114,Busbanza,15,5.916667,-72.850000
25120,Cabrera,25,3.978056,-74.485834
68121,Cabrera,68,6.633334,-73.200000
50124,Cabuyaro,50,4.290278,-72.790556
25123,Cachipay,25,5.266667,-74.566667
05125,Caicedo,05,6.450000,-75.966667
76122,Caicedonia,76,4.333660,-75.834246
70124,Caimito,70,8.833334,-75.166667
73124,Cajamarca,73,4.416667,-75.500000
19130,Cajibío,19,2.666667,-76.666667
25126,Cajicá,25,5.000000,-74.050000
13140,Calamar,13,10.250000,-75.000000
95015,Calamar,95,1.959723,-72.653889
63130,Calarcá,63,4.532500,-75.643612
05129,Caldas,05,6.083334,-75.633334
15131,Caldas,15,5.550000,-73.883334
19137,Caldono,19,2.833334,-76.416667
68132,California,68,7.416667,-72.850000
76126,Calima (Darién),76,3.916667,-76.666667
19142,Caloto,19,3.083334,-76.333334
76001,Calí,76,3.437223,-76.522500
05134,Campamento,05,7.083334,-75.250000
08137,Campo de la Cruz,08,10.416667,-74.916667
41132,Campoalegre,41,2.666667,-75.333334
15135,Campohermoso,15,5.083334,-73.000000
23090,Canalete,23,8.676112,-76.204167
08141,Candelaria,08,10.500000,-74.833334
76130,Candelaria,76,3.413056,-76.351112
13160,Cantagallo,13,7.379167,-73.918056
27135,Cantón de San Pablo,27,5.338889,-76.731389
25148,Caparrapí,25,5.416667,-74.583334
68147,Capitanejo,68,6.600000,-72.633334
05142,Caracolí,05,6.411945,-74.760556
05145,Caramanta,05,5.583334,-75.583334
68152,Carcasí,68,6.833334,-72.500000
05147,Carepa,05,7.766389,-76.661112
73148,Carmen de Apicalá,73,4.150000,-74.733334
25154,Carmen de Carupa,25,5.350278,-73.905278
05148,Carmen de Viboral,05,6.085000,-75.338612
27150,Carmen del Darién (CURBARADÓ),27,7.158000,-76.971000
05150,Carolina,05,6.800000,-75.250000
13001,Cartagena,13,10.399723,-75.514445
18150,Cartagena del Chairá,18,1.350000,-74.840000
76147,Cartago,76,4.746389,-75.911667
97161,Carurú,97,0.916667,-70.733334
73152,Casabianca,73,5.083334,-75.166667
50150,Castilla la Nueva,50,3.800000,-73.583334
05154,Caucasia,05,7.916667,-75.000000
05138,Cañasgordas,05,6.750000,-76.000000
68160,Cepita,68,6.833334,-72.916667
23162,Cereté,23,8.916667,-76.000000
15162,Cerinza,15,6.000000,-72.916667
68162,Cerrito,68,7.000000,-72.583334
47161,Cerro San Antonio,47,10.250000,-74.833334
52240,Chachaguí,52,1.359431,-77.283669
25168,Chaguaní,25,5.000000,-74.650000
70230,Chalán,70,9.549167,-75.316112
73168,Chaparral,73,3.750000,-75.583334
68167,Charalá,68,6.250000,-73.083334
68169,Charta,68,7.300000,-72.966667
05172,Chigorodó,05,7.666667,-76.666667
68176,Chima,68,6.416667,-73.333334
20175,Chimichagua,20,9.257778,-73.817778
23168,Chimá,23,9.083334,-75.633334
15172,Chinavita,15,5.250000,-73.333334
17174,Chinchiná,17,5.000000,-75.666667
54172,Chinácota,54,7.750000,-72.550000
23182,Chinú,23,9.083334,-75.333334
25178,Chipaque,25,4.500000,-74.083334
68179,Chipatá,68,6.133334,-73.550000
15176,Chiquinquirá,15,5.633334,-73.750000
20178,Chiriguaná,20,9.500000,-73.416667
15180,Chiscas,15,6.750000,-72.333334
15183,Chita,15,6.166667,-72.416667
54174,Chitagá,54,7.166667,-72.583334
15185,Chitaraque,15,6.083334,-73.366667
15187,Chivatá,15,5.533334,-73.266667
47170,Chivolo,47,10.028056,-74.643612
25181,Choachí,25,4.583334,-73.916667
25183,Chocontá,25,5.166667,-73.666667
85015,Chámeza,85,5.000000,-72.750000
25175,Chía,25,4.916667,-74.050000
15232,Chíquiza,15,5.608334,-73.488612
15236,Chívor,15,4.885556,-73.368889
13188,Cicuco,13,9.416667,-74.733334
68190,Cimitarra,68,6.316112,-73.950556
63190,Circasia,63,4.616667,-75.633334
05190,Cisneros,05,6.583334,-75.083334
15189,Ciénaga,15,5.466667,-73.250000
47189,Ciénaga,47,10.833334,-74.083334
23189,Ciénaga de Oro,23,8.833334,-75.666667
13222,Clemencia,13,10.589167,-75.334167
05197,Cocorná,05,6.000000,-75.000000
73200,Coello,73,4.333334,-74.916667
25200,Cogua,25,5.150000,-73.966667
41206,Colombia,41,2.500000,-75.750000
70204,Colosó (Ricaurte),70,9.496667,-75.355556
86219,Colón,86,1.193612,-76.976945
52203,Colón (Génova),52,1.583334,-77.000000
05206,Concepción,05,6.416667,-75.250000
68207,Concepción,68,6.916667,-72.500000
05209,Concordia,05,6.083334,-75.916667
47205,Concordia,47,9.840278,-74.444723
27205,Condoto,27,5.166667,-76.500000
68209,Confines,68,6.416667,-73.166667
52207,Consaca,52,1.208407,-77.463227
52210,Contadero,52,0.916667,-77.533334
68211,Contratación,68,6.333334,-73.416667
54206,Convención,54,8.833334,-73.200000
05212,Copacabana,05,6.333334,-75.500000
15212,Coper,15,5.433334,-74.033334
63212,Cordobá,63,4.390556,-75.688889
19212,Corinto,19,3.166667,-76.200000
68217,Coromoro,68,6.333334,-73.000000
70215,Corozal,70,9.333334,-75.250000
15215,Corrales,15,5.866667,-72.833334
25214,Cota,25,4.833334,-74.133334
23300,Cotorra,23,9.050000,-75.800000
15218,Covarachía,15,6.583334,-72.700000
70221,Coveñas,70,9.416667,-75.700000
73217,Coyaima,73,3.833334,-75.083334
81220,Cravo Norte,81,6.303056,-70.201667
52224,Cuaspud (Carlosama),52,0.865834,-77.729445
50223,Cubarral,50,3.771389,-73.837778
15223,Cubará,15,7.041112,-72.060834
15224,Cucaita,15,5.533334,-73.466667
25224,Cucunubá,25,5.250000,-73.750000
54223,Cucutilla,54,7.500000,-72.750000
15226,Cuitiva,15,5.650000,-72.916667
50226,Cumaral,50,4.250000,-73.333334
99773,Cumaribo,99,4.444445,-69.800278
52227,Cumbal,52,0.916667,-77.916667
52233,Cumbitara,52,1.653334,-77.583334
73226,Cunday,73,4.083334,-74.666667
18205,Curillo,18,1.035278,-75.924723
68229,Curití,68,6.666667,-73.000000
20228,Curumaní,20,9.204167,-73.548612
05120,Cáceres,05,7.666667,-75.333334
54128,Cáchira,54,7.750000,-73.166667
54125,Cácota,54,7.250000,-72.583334
25151,Cáqueza,25,4.450000,-73.950000
27160,Cértegui,27,5.400000,-76.600000
15204,Cómbita,15,5.750000,-73.250000
13212,Córdoba,13,9.500000,-74.916667
52215,Córdoba,52,0.783334,-77.333334
54001,Cúcuta,54,7.883334,-72.505278
05234,Dabeiba,05,7.000000,-76.250000
76233,Dagua,76,3.660278,-76.692778
44090,Dibulla,44,11.272223,-73.305556
44098,Distracción,44,10.897778,-72.886945
73236,Dolores,73,3.666667,-74.750000
05237,Don Matías,05,6.500000,-75.333334
66170,Dos Quebradas,66,4.834723,-75.672500
15238,Duitama,15,5.826945,-73.020278
54239,Durania,54,7.750000,-72.633334
05240,Ebéjico,05,6.333334,-75.750000
05250,El Bagre,05,7.594167,-74.811945
47245,El Banco,47,9.045556,-73.974723
76246,El Cairo,76,4.750000,-76.250000
50245,El Calvario,50,4.416667,-73.666667
54245,El Carmen,54,8.750000,-73.333334
68235,El Carmen,68,6.000000,698.000000
27245,El Carmen de Atrato,27,5.898333,-76.143056
13244,El Carmen de Bolívar,13,9.750000,-75.166667
50251,El Castillo,50,3.568056,-73.783889
76248,El Cerrito,76,3.666667,-76.166667
52250,El Charco,52,2.333334,-78.350000
15244,El Cocuy,15,6.416667,-72.416667
25245,El Colegio,25,4.583334,-74.450000
20238,El Copey,20,10.150556,-73.965000
18247,El Doncello,18,1.679445,-75.279167
50270,El Dorado,50,2.779167,-72.871945
76250,El Dovio,76,4.500000,-76.250000
15248,El Espino,15,6.583334,-72.416667
68245,El Guacamayo,68,6.333334,-73.466667
13248,El Guamo,13,10.083334,-74.916667
44110,El Molino,44,10.653334,-72.924167
20250,El Paso,20,9.662223,-73.751945
18256,El Paujil,18,1.564000,-75.332000
52254,El Peñol,52,1.433334,-77.433334
13268,El Peñon,13,8.983334,-73.950000
68250,El Peñon,68,6.550000,-72.833334
25258,El Peñón,25,5.333334,-74.333334
47258,El Piñon,47,10.333334,-74.666667
68255,El Playón,68,7.476667,-73.208056
95025,El Retorno,95,2.330556,-72.627778
47268,El Retén,47,10.616667,-74.266667
70233,El Roble,70,9.100000,-75.200000
25260,El Rosal,25,4.850000,-74.266667
52256,El Rosario,52,1.833334,-77.333334
52258,El Tablón de Gómez,52,1.426944,-77.096944
19256,El Tambo,19,2.500000,-77.000000
52260,El Tambo,52,1.400000,-77.333334
54250,El Tarra,54,8.584723,-73.088334
54261,El Zulia,54,7.935556,-72.605000
76243,El Águila,76,4.916667,-76.083334
41244,Elías,41,2.083334,-76.000000
68264,Encino,68,6.166667,-73.000000
68266,Enciso,68,6.750000,-72.633334
05264,Entrerríos,05,6.583334,-75.583334
05266,Envigado,05,6.173056,-75.563889
73268,Espinal,73,4.200000,-74.833334
25269,Facatativá,25,4.816667,-74.366667
73270,Falan,73,5.133334,-75.000000
17272,Filadelfia,17,5.300000,-75.600000
63272,Filandia,63,4.666667,-75.633334
15272,Firavitoba,15,5.750000,-72.966667
73275,Flandes,73,4.250000,-74.833334
18001,Florencia,18,1.617500,-75.617500
19290,Florencia,19,1.694445,-77.075834
15276,Floresta,15,5.916667,-72.916667
76275,Florida,76,3.327500,-76.238612
68276,Floridablanca,68,7.064723,-73.089723
68271,Florián,68,5.804723,-73.974167
44279,Fonseca,44,10.833334,-72.833334
81300,Fortúl,81,6.746112,-71.856667
25281,Fosca,25,4.333334,-73.916667
52520,Francisco Pizarro,52,2.101945,-78.721667
05282,Fredonia,05,5.916667,-75.666667
73283,Fresno,73,5.166667,-75.083334
05284,Frontino,05,6.666667,-76.333334
50287,Fuente de Oro,50,3.459445,-73.612778
47288,Fundación,47,10.416667,-73.916667
52287,Funes,52,0.950000,-77.333334
25286,Funza,25,4.783334,-74.200000
25290,Fusagasugá,25,4.416667,-74.400000
25279,Fómeque,25,4.583334,-73.833334
25288,Fúquene,25,5.416667,-73.800000
25293,Gachalá,25,4.666667,-73.500000
25295,Gachancipá,25,5.083334,-73.883334
15293,Gachantivá,15,5.750000,-73.500000
25297,Gachetá,25,4.916667,-73.666667
08296,Galapa,08,10.916667,-74.833334
70235,Galeras (Nueva Granada),70,9.163056,-75.052500
68296,Galán,68,6.700000,-73.300000
25299,Gama,25,4.750000,-73.600000
20295,Gamarra,20,8.333334,-73.666667
15299,Garagoa,15,5.133334,-73.300000
41298,Garzón,41,2.250000,-75.583334
41306,Gigante,41,2.500000,-75.500000
76306,Ginebra,76,3.750000,-76.166667
05306,Giraldo,05,6.666667,-75.916667
25307,Girardot,25,4.303056,-74.800834
05308,Girardota,05,6.416667,-75.450000
68306,Girón,68,7.070834,-73.173056
20310,Gonzalez,20,8.400000,-73.333334
54313,Gramalote,54,7.916667,-72.750000
05313,Granada,05,6.166667,-75.133334
25312,Granada,25,5.066667,-74.566667
50313,Granada,50,3.538612,-73.700556
68318,Guaca,68,7.000000,-72.766667
15317,Guacamayas,15,6.500000,-72.500000
76318,Guacarí,76,3.769445,-76.338056
52699,Guachavés,52,1.224723,-77.680000
19300,Guachené,19,3.133334,-76.383334
25317,Guachetá,25,5.416667,-73.700000
52317,Guachucal,52,1.000000,-77.750000
05315,Guadalupe,05,6.817500,-75.244167
41319,Guadalupe,41,2.083334,-75.666667
68320,Guadalupe,68,6.300000,-73.333334
25320,Guaduas,25,5.250000,-74.666667
52320,Guaitarilla,52,1.150000,-77.500000
52323,Gualmatán,52,0.833334,-77.583334
47318,Guamal,47,9.250000,-74.166667
50318,Guamal,50,3.916667,-74.000000
73319,Guamo,73,4.083334,-74.916667
68322,Guapota,68,6.383334,-73.250000
19318,Guapí,19,2.416667,-77.600000
70265,Guaranda,70,8.469723,-75.538334
05318,Guarne,05,6.250000,-75.416667
25322,Guasca,25,4.833334,-73.833334
05321,Guatapé,05,6.250000,-75.166667
25324,Guataquí,25,4.583334,-74.800000
25326,Guatavita,25,4.966667,-73.750000
15322,Guateque,15,5.083334,-73.500000
68324,Guavatá,68,6.000000,-73.650000
25328,Guayabal de Siquima,25,4.881389,-74.470278
25335,Guayabetal,25,4.216389,-73.813334
15325,Guayatá,15,5.000000,-73.500000
68327,Guepsa,68,6.083334,-73.500000
15332,Guicán,15,6.750000,-72.166667
25339,Gutiérrez,25,4.250000,-74.000000
66318,Guática,66,5.333334,-75.833334
68298,Gámbita,68,6.000000,-73.250000
15296,Gámeza,15,5.850000,-72.750000
63302,Génova,63,4.250000,-75.666667
05310,Gómez Plata,05,6.750000,-75.833334
54344,Hacarí,54,8.500000,-73.083334
13300,Hatillo de Loba,13,8.958612,-74.080834
68344,Hato,68,6.583334,-73.333334
85125,Hato Corozal,85,6.155556,-71.765556
44378,Hatonuevo,44,11.069445,-72.766945
05347,Heliconia,05,6.233334,-75.750000
54347,Herrán,54,7.500000,-72.466667
73347,Herveo,73,5.083334,-75.166667
05353,Hispania,05,5.802500,-75.911667
41349,Hobo,41,2.583334,-75.500000
73349,Honda,73,5.250000,-74.833334
73001,Ibagué,73,4.438889,-75.232223
73352,Icononzo,73,4.166667,-74.550000
52352,Iles,52,0.950000,-77.533334
52354,Imúes,52,1.050000,-77.500000
19355,Inzá,19,2.666667,-76.083334
94001,Inírida,94,3.865278,-67.923889
52356,Ipiales,52,0.830278,-77.644445
41359,Isnos,41,2.083334,-76.250000
27361,Istmina,27,5.158889,-76.691667
05360,Itagüí,05,6.171945,-75.611389
05361,Ituango,05,7.250000,-76.000000
15362,Izá,15,5.666667,-72.916667
19364,Jambaló,19,2.850000,-76.316667
76364,Jamundí,76,3.166667,-76.583334
05364,Jardín,05,5.583334,-75.833334
15367,Jenesano,15,5.388889,-73.368056
05368,Jericó,05,5.750000,-75.750000
15368,Jericó,15,6.200000,-72.583334
25368,Jerusalén,25,4.666667,-74.666667
68368,Jesús María,68,5.916667,-73.833334
68370,Jordán,68,6.750000,-73.066667
08132,Juan de Acosta,08,10.833334,-75.033334
25372,Junín,25,4.750000,-73.666667
27372,Juradó,27,7.000000,-77.666667
23350,La Apartada y La Frontera,23,8.050000,-75.335556
41378,La Argentina,41,2.250000,-76.166667
68377,La Belleza,68,5.861389,-73.968334
25377,La Calera,25,4.750000,-73.916667
15380,La Capilla,15,5.150000,-73.450000
05376,La Ceja,05,6.000000,-75.416667
66383,La Celia,66,4.966667,-76.000000
52378,La Cruz,52,1.550000,-76.883334
76677,La Cumbre,76,3.666667,-76.583334
17380,La Dorada,17,5.533334,-74.700000
54385,La Esperanza,54,8.166667,-72.466667
05380,La Estrella,05,6.166667,-75.666667
52381,La Florida,52,1.250000,-77.416667
20383,La Gloria,20,8.583334,-73.583334
20400,La Jagua de Ibirico,20,9.564167,-73.337500
44420,La Jagua del Pilar,44,10.516667,-73.083334
52385,La Llanada,52,1.477778,-77.583889
50350,La Macarena,50,2.853612,-73.943612
17388,La Merced,17,5.401945,-75.884723
25386,La Mesa,25,4.666667,-74.500000
18410,La Montañita,18,1.583334,-75.250000
25394,La Palma,25,5.416667,-74.416667
68397,La Paz,68,6.250000,-73.466667
20621,La Paz (Robles),20,10.166667,-73.250000
25398,La Peña,25,5.250000,-74.416667
05390,La Pintada,05,5.750000,-75.600000
41396,La Plata,41,2.416667,-76.166667
54398,La Playa,54,8.250000,-73.166667
99524,La Primavera,99,5.490556,-70.409167
85136,La Salina,85,6.185278,-72.344445
19392,La Sierra,19,2.250000,-76.833334
63401,La Tebaida,63,4.450000,-75.800000
52390,La Tola,52,2.410834,-78.242778
05400,La Unión,05,5.916667,-75.333334
52399,La Unión,52,1.583334,-77.083334
70400,La Unión,70,8.860556,-75.280556
76400,La Unión,76,4.535834,-76.106667
15403,La Uvita,15,6.333334,-72.500000
19397,La Vega,19,2.083334,-76.833334
25402,La Vega,25,5.000000,-74.350000
15401,La Victoria,15,5.525834,-74.236112
17867,La Victoria,17,4.523889,-76.041112
76403,La Victoria,76,4.523889,-76.041112
66400,La Virginia,66,4.916667,-75.833334
54377,Labateca,54,7.333334,-72.500000
15377,Labranzagrande,15,5.583334,-72.583334
68385,Landázuri,68,6.223889,-73.812778
68406,Lebrija,68,7.416667,-73.416667
52405,Leiva,52,1.937500,-77.308056
50400,Lejanías,50,3.513612,-74.051667
25407,Lenguazaque,25,5.333334,-73.666667
91001,Leticia,91,-4.215278,-69.940556
05411,Liborina,05,6.750000,-75.750000
52411,Linares,52,1.383334,-77.450000
27413,Lloró,27,5.583334,-76.416667
23417,Lorica,23,9.166667,-75.833334
23419,Los Córdobas,23,8.900000,-76.359723
70418,Los Palmitos,70,9.381112,-75.271389
54405,Los Patios,54,7.838334,-72.513334
68418,Los Santos,68,6.916667,-73.083334
54418,Lourdes,54,7.966667,-72.833334
08421,Luruaco,08,10.614167,-75.146112
73408,Lérida,73,4.916667,-74.916667
73411,Líbano,73,4.916667,-75.166667
19418,López (Micay),19,2.433334,-76.800000
15425,Macanal,15,4.916667,-73.250000
68425,Macaravita,68,6.583334,-72.533334
05425,Maceo,05,6.500000,-74.750000
25426,Machetá,25,5.083334,-73.616667
25430,Madrid,25,4.833334,-74.300000
13430,Magangué,13,9.241389,-74.753334
52427,Magüi (Payán),52,1.916667,-77.833334
13433,Mahates,13,10.166667,-75.166667
44430,Maicao,44,11.384167,-72.244167
70429,Majagual,70,8.500000,-74.666667
08433,Malambo,08,10.858889,-74.773056
52435,Mallama (Piedrancha),52,1.083334,-77.816667
08436,Manatí,08,10.500000,-75.000000
44560,Manaure,44,11.779167,-72.449445
20443,Manaure Balcón del Cesar,20,10.392778,-73.032500
17001,Manizales,17,5.070000,-75.520556
25436,Manta,25,5.083334,-73.583334
17433,Manzanares,17,5.250000,-75.166667
85139,Maní,85,4.833334,-72.333334
50325,Mapiripan,50,2.891112,-72.132223
13440,Margarita,13,9.083334,-74.200000
05440,Marinilla,05,6.200000,-75.300000
15442,Maripí,15,5.583334,-74.000000
73443,Mariquita,73,5.250000,-74.916667
17442,Marmato,17,5.500000,-75.583334
17444,Marquetalia,17,5.333334,-75.000000
66440,Marsella,66,4.916667,-75.750000
17446,Marulanda,17,5.333334,-75.250000
13442,María la Baja,13,10.000000,-75.333334
68444,Matanza,68,7.416667,-73.083334
05001,Medellín,05,6.291389,-75.536112
25438,Medina,25,4.500000,-73.333334
27425,Medio Atrato,27,5.995000,-76.782500
27430,Medio Baudó,27,5.049722,-77.052222
27450,Medio San Juan (ANDAGOYA),27,5.100000,-76.683000
73449,Melgar,73,4.250000,-74.583334
19450,Mercaderes,19,1.750000,-77.166667
50330,Mesetas,50,3.378056,-74.044723
18460,Milán,18,1.348334,-75.511667
15455,Miraflores,15,5.250000,-73.166667
95200,Miraflores,95,1.336667,-71.951112
19455,Miranda,19,3.250000,-76.250000
66456,Mistrató,66,5.416667,-76.000000
97001,Mitú,97,1.198334,-70.173334
86001,Mocoa,86,1.148889,-76.647778
68464,Mogotes,68,6.583334,-72.916667
68468,Molagavita,68,6.750000,-72.750000
23464,Momil,23,9.237223,-75.678056
13468,Mompós,13,9.250000,-74.583334
15464,Mongua,15,5.833334,-72.666667
15466,Monguí,15,5.750000,-72.833334
15469,Moniquirá,15,5.916667,-73.500000
05467,Montebello,05,5.916667,-75.500000
13458,Montecristo,13,8.299445,-74.475556
23466,Montelíbano,23,7.750000,-75.666667
63470,Montenegro,63,4.500000,-75.800000
23001,Monteria,23,8.757500,-75.890000
85162,Monterrey,85,4.916667,-72.833334
13473,Morales,13,8.416667,-74.000000
19473,Morales,19,2.800000,-76.666667
18479,Morelia,18,1.487500,-75.725000
70473,Morroa,70,9.416667,-75.333334
25473,Mosquera,25,4.750000,-74.333334
52473,Mosquera,52,2.350000,-78.350000
15476,Motavita,15,5.579723,-73.371389
23500,Moñitos,23,8.250000,-76.050000
73461,Murillo,73,4.876945,-75.173889
05475,Murindó,05,6.800000,-76.800000
05480,Mutatá,05,7.333334,-76.500000
54480,Mutiscua,54,7.333334,-72.716667
15480,Muzo,15,5.516667,-74.116667
68432,Málaga,68,6.783334,-72.666667
05483,Nariño,05,5.600000,-75.166667
25483,Nariño,25,4.450000,-74.800000
52480,Nariño,52,1.500000,-78.000000
73483,Natagaima,73,3.583334,-75.083334
05495,Nechí,05,8.096389,-74.775834
05490,Necoclí,05,8.423889,-76.791112
17486,Neira,17,5.166667,-75.500000
41001,Neiva,41,2.930556,-75.330278
25486,Nemocón,25,5.133334,-73.900000
25488,Nilo,25,4.333334,-74.583334
25489,Nimaima,25,5.200000,-74.416667
15491,Nobsa,15,5.833334,-72.916667
25491,Nocaima,25,5.116667,-74.416667
17495,Norcasia,17,5.566667,-74.883334
13490,Norosí,13,8.533334,-74.033334
27491,Novita,27,4.916667,-76.583334
47460,Nueva Granada,47,9.803056,-74.390278
15494,Nuevo Colón,15,5.416667,-73.416667
85225,Nunchía,85,5.640556,-72.198612
27495,Nuquí,27,6.000000,-77.333334
41483,Nátaga,41,2.650000,-75.800000
76497,Obando,76,4.583334,-75.916667
68498,Ocamonte,68,6.416667,-73.083334
54498,Ocaña,54,8.250000,-73.300000
68500,Oiba,68,6.300000,-73.250000
15500,Oicatá,15,5.600000,-73.316667
05501,Olaya,05,6.666667,-75.750000
52490,Olaya Herrera,52,1.266667,-77.483334
68502,Onzaga,68,6.333334,-72.750000
41503,Oporapa,41,2.083334,-76.016667
86320,Orito,86,0.696667,-76.874723
85230,Orocué,85,4.794167,-71.340000
73504,Ortega,73,3.916667,-75.250000
52506,Ospina,52,1.033334,-77.550000
15507,Otanche,15,5.750000,-74.250000
70508,Ovejas,70,9.500000,-75.166667
15511,Pachavita,15,5.133334,-73.400000
25513,Pacho,25,5.250000,-74.166667
19513,Padilla,19,3.066667,-76.316667
41518,Paicol,41,2.450000,-75.750000
20517,Pailitas,20,8.966112,-73.631667
25518,Paime,25,5.416667,-74.166667
15516,Paipa,15,5.833334,-73.100000
15518,Pajarito,15,5.416667,-72.666667
41524,Palermo,41,3.000000,-75.500000
17524,Palestina,17,5.083334,-75.666667
41530,Palestina,41,1.750000,-76.066667
68522,Palmar,68,6.583334,-73.250000
08520,Palmar de Varela,08,10.746667,-74.755556
68524,Palmas del Socorro,68,6.450000,-73.250000
76520,Palmira,76,3.539445,-76.303612
70523,Palmito,70,9.333334,-75.550000
73520,Palocabildo,73,5.133334,-75.033334
54518,Pamplona,54,7.378056,-72.652500
54520,Pamplonita,54,7.500000,-72.583334
25524,Pandi,25,4.250000,-74.500000
15522,Panqueba,15,6.500000,-72.416667
25530,Paratebueno,25,4.373056,-73.221389
25535,Pasca,25,4.333334,-74.283334
19532,Patía (El Bordo),19,2.115556,-76.989167
15531,Pauna,15,5.750000,-73.916667
15532,Paya,15,5.666667,-72.381667
85250,Paz de Ariporo,85,5.883334,-71.900000
15537,Paz de Río,15,6.083334,-72.750000
47441,Pedraza,47,10.166667,-74.750000
20550,Pelaya,20,8.691667,-73.666389
17541,Pensilvania,17,5.500000,-75.083334
05543,Peque,05,7.000000,-75.833334
66001,Pereira,66,4.813334,-75.696112
15542,Pesca,15,5.583334,-73.050000
05541,Peñol,05,6.250000,-75.250000
19533,Piamonte,19,7.783334,-75.200000
68547,Pie de Cuesta,68,5.838334,-74.036667
73547,Piedras,73,4.500000,-74.916667
19548,Piendamó,19,2.750000,-76.500000
63548,Pijao,63,4.333334,-75.666667
47545,Pijiño,47,9.330278,-74.449723
68549,Pinchote,68,6.583334,-73.166667
13549,Pinillos,13,8.917223,-74.466389
08549,Piojo,08,10.750000,-75.133334
15550,Pisva,15,5.742778,-72.489445
41548,Pital,41,2.333334,-75.833334
41551,Pitalito,41,1.750000,-76.166667
47551,Pivijay,47,10.416667,-74.333334
73555,Planadas,73,3.250000,-75.750000
23555,Planeta Rica,23,8.333334,-75.583334
47555,Plato,47,9.833334,-74.333334
52540,Policarpa,52,1.631667,-77.461667
08558,Polonuevo,08,10.750000,-74.783334
08560,Ponedera,08,10.643612,-74.754445
19001,Popayán,19,3.277500,-75.621389
85263,Pore,85,5.670834,-71.930000
52560,Potosí,52,0.750000,-77.416667
76563,Pradera,76,3.421112,-76.244723
73563,Prado,73,3.750000,-74.833334
52565,Providencia,52,1.570278,-77.469445
88564,Providencia,88,12.500000,-81.750000
20570,Pueblo Bello,20,10.366667,-73.633334
23570,Pueblo Nuevo,23,8.233334,-74.966667
66572,Pueblo Rico,66,5.250000,-76.166667
05576,Pueblorrico,05,5.800000,-75.850000
47570,Puebloviejo,47,10.983334,-74.333334
68572,Puente Nacional,68,5.916667,-73.583334
52573,Puerres,52,0.916667,-77.250000
86568,Puerto Asís,86,0.515834,-76.495000
05579,Puerto Berrío,05,6.416667,-74.500000
15572,Puerto Boyacá,15,5.978056,-74.589723
86569,Puerto Caicedo,86,0.683889,-76.585834
99001,Puerto Carreño,99,6.187778,-67.473056
08573,Puerto Colombia,08,11.016667,-74.883334
50450,Puerto Concordia,50,2.679445,-72.760834
23574,Puerto Escondido,23,8.950000,-76.250000
50568,Puerto Gaitán,50,4.314167,-72.082500
86571,Puerto Guzmán,86,0.970278,-76.585834
86573,Puerto Leguízamo,86,-0.200000,-74.766667
23580,Puerto Libertador,23,4.600000,-74.116667
50577,Puerto Lleras,50,3.000000,-72.500000
50573,Puerto López,50,4.083334,-72.966667
05585,Puerto Nare,05,6.191667,-74.586667
91540,Puerto Nariño,91,-3.770278,-70.383056
68573,Puerto Parra,68,6.651667,-74.060834
18592,Puerto Rico,18,1.914167,-75.145000
50590,Puerto Rico,50,2.938334,-73.208334
81591,Puerto Rondón,81,6.278056,-71.100000
25572,Puerto Salgar,25,5.500000,-74.583334
54553,Puerto Santander,54,8.363612,-72.407500
19573,Puerto Tejada,19,3.250000,-76.416667
05591,Puerto Triunfo,05,5.870834,-74.645556
68575,Puerto Wilches,68,7.583334,-73.666667
25580,Pulí,25,4.750000,-74.666667
52585,Pupiales,52,0.916667,-77.666667
19585,Puracé (Coconuco),19,2.348056,-76.500834
73585,Purificación,73,3.916667,-74.916667
23586,Purísima,23,9.300000,-75.666667
17513,Pácora,17,5.500000,-75.500000
15514,Páez,15,5.104445,-73.055556
19517,Páez (Belalcazar),19,5.104445,-73.055556
68533,Páramo,68,6.500000,-73.133334
25592,Quebradanegra,25,5.150000,-74.500000
25594,Quetame,25,4.333334,-73.833334
27001,Quibdó,27,5.694723,-76.661112
63594,Quimbaya,63,4.633334,-75.750000
66594,Quinchía,66,5.333334,-75.666667
15580,Quipama,15,5.522223,-74.180834
25596,Quipile,25,4.750000,-74.583334
54599,Ragonvalia,54,7.583334,-72.500000
15599,Ramiriquí,15,5.416667,-73.333334
85279,Recetor,85,5.333334,-72.750000
13580,Regidor,13,8.666667,-73.833334
05604,Remedios,05,7.000000,-74.416667
47605,Remolino,47,10.666667,-74.583334
08606,Repelón,08,10.550000,-75.133334
50606,Restrepo,50,4.166667,-73.416667
76606,Restrepo,76,3.783334,-76.500000
05607,Retiro,05,6.083334,-75.500000
25612,Ricaurte,25,4.279723,-74.776112
52612,Ricaurte,52,1.166667,-78.166667
68615,Rio Negro,68,7.219167,-73.155834
73616,Rioblanco,73,3.500000,-75.833334
76616,Riofrío,76,4.083334,-76.333334
44001,Riohacha,44,11.544445,-72.907223
17616,Risaralda,17,5.166667,-75.750000
41615,Rivera,41,2.833334,-75.166667
52621,Roberto Payán (San José),52,1.916667,-78.333334
76622,Roldanillo,76,4.414723,-76.154723
73622,Roncesvalles,73,4.083334,-75.583334
15621,Rondón,15,5.416667,-73.166667
19622,Rosas,19,2.333334,-76.750000
73624,Rovira,73,4.250000,-75.333334
15600,Ráquira,15,5.616667,-73.633334
27580,Río Iró,27,5.100000,-76.666667
27600,Río Quito,27,5.700000,-76.666667
17614,Río Sucio,17,5.379167,-75.616112
13600,Río Viejo,13,8.590000,-73.843612
20614,Río de oro,20,8.000000,-73.500000
05615,Ríonegro,05,6.166667,-75.416667
27615,Ríosucio,27,7.416667,-77.166667
68655,Sabana de Torres,68,7.398056,-73.496945
08634,Sabanagrande,08,10.800000,-74.750000
05628,Sabanalarga,05,6.916667,-75.800000
08638,Sabanalarga,08,10.633334,-74.833334
85300,Sabanalarga,85,4.853612,-73.043056
47660,Sabanas de San Angel (SAN ANGEL),47,10.033000,-74.217000
05631,Sabaneta,05,6.150000,-75.600000
15632,Saboyá,15,5.750000,-73.700000
23660,Sahagún,23,8.833334,-75.416667
41660,Saladoblanco,41,2.014445,-76.050278
17653,Salamina,17,5.416667,-75.416667
47675,Salamina,47,10.500000,-74.700000
54660,Salazar,54,7.800000,-72.833334
73671,Saldaña,73,3.934723,-75.020278
63690,Salento,63,4.666667,-75.500000
05642,Salgar,05,6.000000,-76.000000
15646,Samacá,15,5.500000,-73.500000
52678,Samaniego,52,1.416667,-77.666667
17662,Samaná,17,5.583334,-74.916667
70670,Sampués,70,9.166667,-75.300000
41668,San Agustín,41,1.916667,-76.333334
20710,San Alberto,20,7.752500,-73.389167
68669,San Andrés,68,6.833334,-72.750000
23670,San Andrés Sotavento,23,9.166667,-75.550000
05647,San Andrés de Cuerquía,05,6.917000,-75.667000
23672,San Antero,23,9.350000,-75.750000
73675,San Antonio,73,3.916667,-75.500000
25645,San Antonio de Tequendama,25,4.133334,-74.500000
68673,San Benito,68,6.166667,-73.466667
70678,San Benito Abad,70,8.750000,-74.916667
25649,San Bernardo,25,4.200000,-74.333334
52685,San Bernardo,52,1.516389,-77.046667
23675,San Bernardo del Viento,23,9.250000,-76.000000
54670,San Calixto,54,8.750000,-73.033334
05649,San Carlos,05,6.200000,-74.916667
23678,San Carlos,23,8.700000,-75.700000
50680,San Carlos de Guaroa,50,3.712223,-73.243612
25653,San Cayetano,25,5.333334,-74.083334
54673,San Cayetano,54,7.883334,-72.583334
13620,San Cristobal,13,9.883334,-75.250000
20750,San Diego,20,10.337500,-73.182500
15660,San Eduardo,15,5.216667,-73.133334
13647,San Estanislao,13,10.398334,-75.151112
13650,San Fernando,13,9.083334,-74.333334
05652,San Francisco,05,6.116667,-75.983334
25658,San Francisco,25,5.000000,-74.283334
86755,San Francisco,86,1.177223,-76.883056
68679,San Gíl,68,6.583334,-73.083334
13654,San Jacinto,13,9.833334,-75.083334
13655,San Jacinto del Cauca,13,9.831667,-75.126389
05656,San Jerónimo,05,6.450000,-75.700000
68682,San Joaquín,68,6.433334,-72.866667
17665,San José,17,5.085834,-75.788334
68686,San José de Miranda,68,6.700000,-72.666667
05658,San José de Montaña,05,6.850278,-75.683334
15664,San José de Pare,15,6.083334,-73.466667
23682,San José de Uré,23,7.767000,-75.517000
18610,San José del Fragua,18,1.361112,-75.988334
95001,San José del Guaviare,95,2.568334,-72.641667
27660,San José del Palmar,27,4.916667,-76.250000
50683,San Juan de Arama,50,3.346389,-73.889445
70702,San Juan de Betulia,70,9.275556,-75.245556
13657,San Juan de Nepomuceno,13,9.956667,-75.086667
52001,San Juan de Pasto,52,1.214671,-77.278648
25662,San Juan de Río Seco,25,4.916667,-74.666667
05659,San Juan de Urabá,05,8.763056,-76.530000
44650,San Juan del Cesar,44,10.833334,-73.083334
50686,San Juanito,50,4.458612,-73.673056
52687,San Lorenzo,52,1.500000,-77.166667
73678,San Luis,73,4.166667,-75.083334
05660,San Luís,05,6.000000,-74.833334
15667,San Luís de Gaceno,15,4.821389,-73.167500
85325,San Luís de Palenque,85,5.280556,-71.581945
70708,San Marcos,70,8.583334,-75.166667
20770,San Martín,20,8.004723,-73.515278
50689,San Martín,50,3.700000,-73.700000
13667,San Martín de Loba,13,8.833334,-73.916667
15673,San Mateo,15,6.500000,-72.500000
68684,San Miguel,68,6.666667,-72.550000
86757,San Miguel,86,0.339445,-76.883056
15676,San Miguel de Sema,15,5.550000,-73.750000
70713,San Onofre,70,9.833334,-75.500000
13670,San Pablo,13,10.052778,-75.268056
52693,San Pablo,52,1.666667,-76.916667
15681,San Pablo de Borbur,15,5.750000,-74.083334
05664,San Pedro,05,6.450000,-75.583334
70717,San Pedro,70,9.416667,-75.000000
76670,San Pedro,76,4.000000,-76.166667
52694,San Pedro de Cartago,52,1.561389,-77.118056
05665,San Pedro de Urabá,05,8.276112,-76.378612
23686,San Pelayo,23,9.000000,-75.916667
05667,San Rafael,05,6.300000,-75.000000
05670,San Roque,05,6.416667,-74.833334
19693,San Sebastián,19,1.916667,-76.666667
47692,San Sebastián de Buenavista,47,9.333334,-74.333334
05674,San Vicente,05,6.333334,-75.333334
18753,San Vicente del Caguán,18,2.152500,-74.788889
68689,San Vicente del Chucurí,68,6.883612,-73.413889
47703,San Zenón,47,9.333334,-74.300000
52683,Sandoná,52,1.250000,-77.450000
47707,Santa Ana,47,9.316667,-74.583334
05679,Santa Bárbara,05,5.866667,-75.583334
68705,Santa Bárbara,68,6.992778,-72.910278
52695,Santa Bárbara (Iscuandé),52,2.333334,-77.916667
47720,Santa Bárbara de Pinto,47,10.600000,-74.167000
13673,Santa Catalina,13,10.583334,-75.250000
05042,Santa Fé de Antioquia,05,6.559723,-75.828056
27250,Santa Genoveva de Docorodó,27,4.258612,-77.367500
68720,Santa Helena del Opón,68,6.337500,-73.591945
73686,Santa Isabel,73,4.750000,-75.166667
08675,Santa Lucía,08,10.328612,-74.964445
47001,Santa Marta,47,11.247223,-74.201667
15690,Santa María,15,4.861667,-73.264167
41676,Santa María,41,3.000000,-75.700000
13683,Santa Rosa,13,10.450000,-75.333334
19701,Santa Rosa,19,1.500000,-76.500000
66682,Santa Rosa de Cabal,66,4.868056,-75.621389
05686,Santa Rosa de Osos,05,6.666667,-75.416667
15693,Santa Rosa de Viterbo,15,5.916667,-73.000000
13688,Santa Rosa del Sur,13,7.964445,-74.054445
99624,Santa Rosalía,99,5.126112,-70.875834
15696,Santa Sofía,15,5.750000,-73.583334
15686,Santana,15,6.057223,-73.482223
19698,Santander de Quilichao,19,3.013056,-76.486667
54680,Santiago,54,7.916667,-72.666667
86760,Santiago,86,1.151112,-77.007500
05690,Santo Domingo,05,6.472223,-75.164723
08685,Santo Tomás,08,10.750000,-74.833334
05697,Santuario,05,6.133334,-75.250000
66687,Santuario,66,5.083334,-76.000000
52720,Sapuyes,52,1.033334,-77.600000
81736,Saravena,81,6.920556,-71.853334
54720,Sardinata,54,8.250000,-72.750000
25718,Sasaima,25,5.000000,-74.450000
15720,Sativanorte,15,6.166667,-72.666667
15723,Sativasur,15,6.133334,-72.666667
05736,Segovia,05,7.250000,-74.750000
25736,Sesquilé,25,5.083334,-73.833334
76736,Sevilla,76,4.268889,-75.936112
15740,Siachoque,15,5.583334,-73.166667
25740,Sibaté,25,4.491389,-74.260556
86749,Sibundoy,86,1.183334,-76.916667
54743,Silos,54,7.200000,-72.750000
25743,Silvania,25,4.500000,-74.333334
19743,Silvia,19,2.750000,-76.333334
68745,Simacota,68,6.447223,-73.341389
25745,Simijaca,25,5.583334,-73.833334
13744,Simití,13,7.583334,-74.166667
70001,Sincelejo,70,9.304723,-75.397778
70742,Sincé,70,9.166667,-75.000000
27745,Sipí,27,4.583334,-76.500000
47745,Sitionuevo,47,10.916667,-74.583334
25754,Soacha,25,4.587223,-74.221389
15753,Soatá,15,6.416667,-72.666667
15757,Socha,15,6.000000,-72.666667
68755,Socorro,68,6.533334,-73.200000
15755,Socotá,15,6.083334,-72.583334
15759,Sogamoso,15,5.720556,-72.929723
18765,Solano,18,0.714723,-75.248612
08758,Soledad,08,10.917223,-74.766667
18785,Solita,18,0.900000,-75.623000
15761,Somondoco,15,4.987778,-73.436112
05756,Sonsón,05,5.750000,-75.000000
05761,Sopetrán,05,6.500000,-75.750000
13760,Soplaviento,13,10.333334,-75.100000
25758,Sopó,25,4.916667,-73.950000
15762,Sora,15,5.566667,-73.433334
15764,Soracá,15,5.500000,-73.316667
15763,Sotaquirá,15,5.833334,-73.250000
19760,Sotara (Paispamba),19,2.256667,-76.618612
52418,Sotomayor (Los Andes),52,1.515556,-77.495000
68770,Suaita,68,6.166667,-73.300000
08770,Suan,08,10.333334,-74.916667
41770,Suaza,41,1.916667,-75.833334
25769,Subachoque,25,5.000000,-74.166667
19785,Sucre,19,2.033334,-76.916667
68773,Sucre,68,6.083334,-73.916667
70771,Sucre,70,9.000000,-75.000000
25772,Suesca,25,5.166667,-73.833334
25777,Supatá,25,5.083334,-74.250000
17777,Supía,17,5.500000,-75.633334
68780,Suratá,68,7.500000,-72.966667
25779,Susa,25,5.500000,-73.833334
15774,Susacón,15,6.266667,-72.666667
15776,Sutamarchán,15,5.666667,-73.583334
25781,Sutatausa,25,5.251000,-73.856000
15778,Sutatenza,15,5.016667,-73.450000
19780,Suárez,19,2.958889,-76.695278
73770,Suárez,73,4.083334,-74.783334
85315,Sácama,85,6.083334,-72.083334
15638,Sáchica,15,5.666667,-73.500000
25785,Tabio,25,5.000000,-74.083334
27787,Tadó,27,5.333334,-76.416667
13780,Talaigua Nuevo,13,9.306945,-74.568612
20787,Tamalameque,20,8.833334,-73.583334
81794,Tame,81,6.464167,-71.728889
52786,Taminango,52,1.583334,-77.250000
52788,Tangua,52,1.083334,-77.300000
97666,Taraira,97,0.493889,-69.666945
05790,Tarazá,05,7.583334,-75.350000
41791,Tarqui,41,2.166667,-75.916667
05792,Tarso,05,5.833334,-75.833334
15790,Tasco,15,5.916667,-72.700000
85410,Tauramena,85,5.018612,-72.755278
25793,Tausa,25,5.250000,-73.916667
41799,Tello,41,3.083334,-75.083334
25797,Tena,25,4.700000,-74.416667
47798,Tenerife,47,10.000000,-74.666667
25799,Tenjo,25,4.916667,-74.166667
15798,Tenza,15,5.150000,-73.450000
54800,Teorama,54,8.750000,-73.166667
41801,Teruel,41,2.916667,-75.666667
41797,Tesalia,41,2.666667,-75.750000
25805,Tibacuy,25,4.383334,-74.500000
15804,Tibaná,15,5.333334,-73.383334
15806,Tibasosa,15,5.833334,-72.966667
25807,Tibirita,25,5.133334,-73.533334
54810,Tibú,54,8.648056,-72.739445
23807,Tierralta,23,8.173612,-76.059167
41807,Timaná,41,2.000000,-75.916667
19809,Timbiquí,19,2.750000,-77.583334
19807,Timbío,19,2.416667,-76.750000
15808,Tinjacá,15,5.633334,-73.650000
15810,Tipacoque,15,6.423334,-72.695278
13810,Tiquisio (Puerto Rico),13,8.559723,-74.266945
05809,Titiribí,05,6.083334,-75.800000
15814,Toca,15,5.666667,-73.166667
25815,Tocaima,25,4.500000,-74.666667
25817,Tocancipá,25,5.000000,-73.916667
15816,Toguí,15,5.950000,-73.416667
05819,Toledo,05,7.000000,-75.700000
54820,Toledo,54,7.300000,-72.250000
70820,Tolú,70,9.500000,-75.533334
70823,Tolú Viejo,70,9.451944,-75.439444
68820,Tona,68,7.250000,-72.900000
15820,Topagá,15,5.833334,-72.833334
25823,Topaipí,25,5.416667,-74.333334
19821,Toribío,19,3.000000,-76.166667
76823,Toro,76,4.611667,-76.081389
15822,Tota,15,5.500000,-73.000000
19824,Totoró,19,2.583334,-76.333334
85430,Trinidad,85,5.430556,-71.631112
76828,Trujillo,76,4.250000,-76.333334
08832,Tubará,08,10.916667,-74.950000
23815,Tuchín,23,9.183334,-75.550000
76834,Tulúa,76,4.086667,-76.200000
52835,Tumaco,52,1.798612,-78.815556
15001,Tunja,15,5.535278,-73.367778
15832,Tunungua,15,5.733334,-73.933334
13836,Turbaco,13,10.350000,-75.333334
13838,Turbaná,13,10.250000,-75.416667
05837,Turbo,05,8.000000,-76.583334
15835,Turmequé,15,5.333334,-73.500000
15837,Tuta,15,5.750000,-73.166667
15839,Tutasá,15,6.166667,-72.833334
85400,Támara,85,5.829723,-72.163334
05789,Támesis,05,5.666667,-75.666667
52838,Túquerres,52,1.166667,-77.583334
25839,Ubalá,25,4.833334,-73.500000
25841,Ubaque,25,4.583334,-74.000000
25843,Ubaté,25,5.350000,-73.833334
76845,Ulloa,76,4.716667,-75.750000
25845,Une,25,4.333334,-74.083334
27800,Unguía,27,8.043056,-77.096112
27810,Unión Panamericana (ÁNIMAS),27,5.283000,-76.617000
05842,Uramita,05,6.899445,-76.174167
50370,Uribe,50,3.254000,-74.358000
44847,Uribia,44,11.916667,-72.000000
05847,Urrao,05,6.333334,-76.416667
44855,Urumita,44,10.566667,-73.016667
08849,Usiacuri,08,10.750000,-74.966667
05854,Valdivia,05,7.333334,-75.333334
23855,Valencia,23,8.300000,-76.166667
68855,Valle de San José,68,6.500000,-73.066667
73854,Valle de San Juan,73,4.250000,-75.166667
86865,Valle del Guamuez,86,0.452500,-76.919167
20001,Valledupar,20,10.476945,-73.250556
05856,Valparaiso,05,5.666667,-75.583334
18860,Valparaiso,18,1.199167,-75.709723
05858,Vegachí,05,6.773056,-74.801667
73861,Venadillo,73,4.750000,-74.916667
05861,Venecia,05,5.916667,-75.750000
25506,Venecia (Ospina Pérez),25,4.133334,-74.500000
15861,Ventaquemada,15,5.416667,-73.500000
25862,Vergara,25,5.166667,-74.333334
76863,Versalles,76,4.666667,-76.250000
68867,Vetas,68,7.333334,-72.866667
25867,Viani,25,4.916667,-74.550000
05873,Vigía del Fuerte,05,6.591945,-76.898612
76869,Vijes,76,3.698612,-76.449167
54871,Villa Caro,54,7.916945,-72.976389
19845,Villa Rica,19,2.513612,-76.847778
15407,Villa de Leiva,15,5.633334,-73.533334
54874,Villa del Rosario,54,7.833889,-72.474167
86885,Villagarzón,86,1.038000,-76.627000
25871,Villagómez,25,5.276112,-74.198889
73870,Villahermosa,73,5.000000,-75.166667
17873,Villamaría,17,5.000000,-75.500000
13873,Villanueva,13,10.450000,-75.250000
44874,Villanueva,44,10.583334,-73.000000
68872,Villanueva,68,6.674167,-73.177778
85440,Villanueva,85,5.283334,-71.966667
25873,Villapinzón,25,5.283334,-73.583334
73873,Villarrica,73,4.000000,-74.583334
50001,Villavicencio,50,4.153334,-73.635000
41872,Villavieja,41,3.333334,-75.166667
25875,Villeta,25,5.083334,-74.500000
25878,Viotá,25,4.500000,-74.500000
15879,Viracachá,15,5.500000,-73.250000
50711,Vista Hermosa,50,3.086389,-73.751389
17877,Viterbo,17,5.083334,-75.866667
68861,Vélez,68,6.083334,-73.583334
25885,Yacopí,25,5.666667,-74.416667
52885,Yacuanquer,52,1.083334,-77.416667
41885,Yaguará,41,2.666667,-75.583334
05885,Yalí,05,6.833334,-74.750000
05887,Yarumal,05,7.000000,-75.500000
05890,Yolombó,05,6.666667,-75.000000
05893,Yondó (Casabe),05,7.007778,-73.914167
85001,Yopal,85,5.339445,-72.394167
76890,Yotoco,76,3.916667,-76.333334
76892,Yumbo,76,3.585000,-76.495834
13894,Zambrano,13,9.750000,-74.833334
68895,Zapatoca,68,6.833334,-73.250000
47960,Zapayán (PUNTA DE PIEDRAS),47,10.171000,-74.719000
05895,Zaragoza,05,7.750000,-74.750000
76895,Zarzal,76,4.398334,-76.077223
15897,Zetaquirá,15,5.350000,-73.166667
25888,Zipacón,25,4.833334,-74.416667
25899,Zipaquirá,25,5.028334,-74.005834
47980,Zona Bananera (PRADO - SEVILLA),47,10.764167,-74.157222
54003,Ábrego,54,8.000000,-73.200000
41357,Íquira,41,2.750000,-75.750000
15842,Úmbita,15,5.233334,-73.450000
25851,Útica,25,5.250000,-74.500000
11001,Bogotá,11,4.598889,-74.080833